trials,full_sentence,last_word,meaningful,CoRT_descript,cloze_descript,block_num,spelling_modified,display,cloze_probability,original_dataset,CoRT_mean,CoRT_std,word_count,condition_name
0,,,,,,,,,,,,,,
1,Timothy|was|hesitant|when|he|had|to|make|a,decision,TRUE,strong non-CoRT,low cloze,0,no,trial,0.4,peele,1.25,0.5,9,hard
2,She|made|herself|a|sandwich|and|chips|for,lunch,TRUE,strong CoRT,high cloze,0,no,trial,0.9,block_baldwin,4.142857143,1.214985793,8,easy
3,"To|finish|seasoning|the|salmon,|Marge|needed",gray,FALSE,strong non-CoRT,low cloze,0,no,trial,0.32,peele,2,1.224744871,7,hard
4,The|dog|was|lonely|without|companions|and|started|to,whine,TRUE,strong CoRT,low cloze,0,no,trial,0.39,peele,4,1.224744871,9,hard
5,The|couple's|trip|was|ruined|when|it|began|to,rain,TRUE,strong non-CoRT,high cloze,0,no,trial,0.85,peele,2,0.7071067812,9,easy
6,The|crime|rate|has|gone|up|this,eat,FALSE,strong non-CoRT,high cloze,0,no,trial,0.81,block_baldwin,1.142857143,0.377964473,7,easy
7,In|the|evening|grandpa|smokes|using|his,pipe,TRUE,strong CoRT,high cloze,0,no,trial,0.96,peele,4.4,0.5477225575,7,easy
8,Karla|had|played|the|game|and|knew|how|to,win,TRUE,strong non-CoRT,high cloze,0,no,trial,0.87,peele,1.8,1.303840481,9,easy
9,Tommy|was|angry|at|his|mom|and|started|to,yell,TRUE,strong CoRT,low cloze,0,no,trial,0.45,peele,4,1.264911064,9,hard
10,The|teacher|wrote|the|problem|on|the,game,FALSE,strong CoRT,high cloze,0,no,trial,0.94,block_baldwin,4.142857143,1.463850109,7,easy
11,Everyone|on|the|cruise|gasped|and|pointed|out|the|massive,war,FALSE,strong CoRT,low cloze,0,no,trial,0.49,peele,4.8,0.4472135955,10,hard
12,When|she|lost|her|doll|the|girl|began|to,cry,TRUE,strong CoRT,high cloze,0,no,trial,0.84,peele,4.333333333,0.8164965809,9,easy
13,Sharon|majored|in|Education|to|learn|how|to,teach,TRUE,strong non-CoRT,high cloze,0,no,trial,0.95,peele,1,0,8,easy
14,The|janitor|accidentally|spilled|some|water|on|the,neat,FALSE,strong CoRT,high cloze,0,no,trial,0.88,block_baldwin,4.142857143,1.463850109,8,easy
15,The|committed|scientist|spent|hours|working|in|the,lab,TRUE,strong CoRT,high cloze,0,no,trial,0.88,peele,4,0.8164965809,8,easy
16,Andrea|watered|her|garden|with|a|small,bear,FALSE,strong CoRT,low cloze,0,no,trial,0.45,peele,4.4,0.894427191,7,hard
17,Yolanda|wants|a|great|job|so|she|can|get,rich,TRUE,strong non-CoRT,low cloze,0,no,trial,0.37,peele,1.8,1.788854382,9,hard
18,Isaac|didn't|know|what|her|behavior|could,view,FALSE,strong non-CoRT,low cloze,0,no,trial,0.48,peele,1.25,0.5,7,hard
19,Malcolm|wanted|to|tidy|the|lawn|but|had|no,mower,TRUE,strong non-CoRT,low cloze,0,no,trial,0.33,peele,1.75,0.5,9,hard
20,The|passengers|feared|capsizing|when|the|ship|began|to,rock,TRUE,strong CoRT,low cloze,0,no,trial,0.36,peele,4.2,0.8366600265,9,hard
21,The|young|woman|had|a|very|recognizable,face,TRUE,strong non-CoRT,low cloze,0,no,trial,0.44,peele,1.6,0.894427191,7,hard
22,The|diving|board|was|scary|because|it|was|so,beige,FALSE,strong non-CoRT,high cloze,0,no,trial,0.82,block_baldwin,1.857142857,1.573591585,9,easy
23,The|boxer|knew|that|tonight|he|had|to,win,TRUE,strong non-CoRT,high cloze,0,no,trial,0.86,peele,2,1,8,easy
24,Visitors|at|the|medieval|festival|drank|honey,mead,TRUE,strong CoRT,low cloze,0,no,trial,0.35,peele,4,1.154700538,7,hard
0,,,,,,,,break,,,,,,
1,The|castle|was|protected|by|its|stone,tire,FALSE,strong non-CoRT,high cloze,1,no,trial,0.86,block_baldwin,1.142857143,0.377964473,7,easy
2,"She|didn't|give|him|a|long|kiss,|just|a",water,FALSE,strong CoRT,high cloze,1,no,trial,0.87,peele,4,0,9,easy
3,All|the|professional|athlete|wanted|was|a|back,rub,TRUE,strong non-CoRT,low cloze,1,no,trial,0.38,peele,2,1,8,hard
4,"Lately,|Sam|has|felt|like|he|is|in|a",rut,TRUE,strong non-CoRT,low cloze,1,no,trial,0.43,peele,1.8,0.8366600265,9,hard
5,"Before|descending|the|canyon,|we|hiked|the",trail,TRUE,strong CoRT,low cloze,1,yes,trial,0.41,peele,4,1.154700538,7,hard
6,Clay|refused|to|settle|down|and|buy|his|own,scared,FALSE,strong non-CoRT,low cloze,1,no,trial,0.47,peele,1.8,0.8366600265,9,hard
7,The|patient's|broken|arm|took|awhile|to,heal,TRUE,strong non-CoRT,high cloze,1,no,trial,0.88,peele,1.8,0.8366600265,7,easy
8,"After|Grace|slipped|on|the|floor,|she|bought|a",wind,FALSE,strong CoRT,low cloze,1,no,trial,0.45,peele,4,1.414213562,9,hard
9,The|tourists|enjoyed|looking|at|the|scenic,joke,FALSE,strong non-CoRT,low cloze,1,no,trial,0.39,peele,1.75,0.9574271078,7,hard
10,I|had|no|key|to|open|the|locked,work,FALSE,strong non-CoRT,high cloze,1,no,trial,0.89,block_baldwin,2,1.154700538,8,easy
11,When|the|alarm|rang|the|firefighter|slid|down|the,pole,TRUE,strong CoRT,high cloze,1,no,trial,0.94,block_baldwin,4.428571429,1.511857892,9,easy
12,"When|the|building|came|down,|there|was|a|loud",crash,TRUE,strong CoRT,low cloze,1,no,trial,0.49,peele,4.25,0.5,9,hard
13,Although|Keith|bowled|well|he|did|not|have|the|highest,score,TRUE,strong non-CoRT,high cloze,1,no,trial,0.94,block_baldwin,2,1.154700538,10,easy
14,At|recess|the|younger|children|usually|play,tag,TRUE,strong CoRT,low cloze,1,no,trial,0.42,peele,4.2,0.8366600265,7,hard
15,The|boy|screamed|after|he|was|stung|by|a,cheer,FALSE,strong CoRT,high cloze,1,no,trial,0.81,peele,4.2,0.8366600265,9,easy
16,Ellen|replaced|the|fuse|that|no|longer,worked,TRUE,strong CoRT,high cloze,1,no,trial,0.86,block_baldwin,4.142857143,0.8997354108,7,easy
17,"When|the|two|met,|one|of|them|held|out|his",hand,TRUE,strong CoRT,high cloze,1,no,trial,0.95,block_baldwin,4,1,10,easy
18,There|is|a|bit|of|cyanide|in|each|apple,horse,FALSE,strong non-CoRT,low cloze,1,no,trial,0.48,peele,2,1.414213562,9,hard
19,Kyle|carefully|scooped|the|honey|out|of|the,jar,TRUE,strong CoRT,low cloze,1,no,trial,0.5,peele,4.6,0.5477225575,8,hard
20,She|did|not|have|the|right|key|for|the,lock,TRUE,strong non-CoRT,low cloze,1,no,trial,0.44,block_baldwin,1.166666667,0.4082482905,9,hard
21,"During|the|earthquake,|many|of|the|small|buildings",collapsed,TRUE,strong CoRT,low cloze,1,no,trial,0.39,peele,4,0,8,hard
22,The|crazy|old|lady|was|thought|of|as|a,witch,TRUE,strong non-CoRT,low cloze,1,no,trial,0.45,peele,1.666666667,1.211060142,9,hard
23,The|building|isn't|for|sale|but|it's|available|to,mold,FALSE,strong non-CoRT,high cloze,1,no,trial,0.81,peele,1.25,0.5,9,easy
24,Ian's|favorite|pie|was|either|apple|or,mail,FALSE,strong non-CoRT,low cloze,1,no,trial,0.43,peele,1.25,0.5,7,hard
25,Bill|jumped|in|the|lake|and|made|a|big,wife,FALSE,strong CoRT,high cloze,1,no,trial,0.92,block_baldwin,4.857142857,0.377964473,9,easy
26,"To|avoid|hitting|her|head,|she|had|to",duck,TRUE,strong CoRT,high cloze,1,no,trial,0.85,peele,4.5,0.5773502692,8,easy
27,Everyone|thought|the|pasta|dish|needed|more,salt,TRUE,strong non-CoRT,low cloze,1,no,trial,0.31,peele,2,0.7071067812,7,hard
28,The|rambunctious|dog|pulled|and|tugged|against|the,bake,FALSE,strong CoRT,low cloze,1,no,trial,0.49,peele,5,0,8,hard
29,"After|washing|his|hands,|Brandon|dried|them|with|a",towel,TRUE,strong CoRT,high cloze,1,no,trial,0.96,peele,4,0.8164965809,9,easy
30,Marcus|struggled|to|build|a|birdhouse|even|with|the,real,FALSE,strong CoRT,low cloze,1,no,trial,0.39,peele,4.8,0.4472135955,9,hard
31,"The|simple,|fun|camp|game|soon|escalated|into|a",fight,TRUE,strong CoRT,low cloze,1,no,trial,0.5,peele,4.4,0.5477225575,9,hard
32,His|favorite|place|to|relax|is|on|the,fin,FALSE,strong non-CoRT,low cloze,1,no,trial,0.41,peele,1.4,0.5477225575,8,hard
33,Ana|accidentally|tripped|and|fell|down|the,stairs,TRUE,strong CoRT,high cloze,1,no,trial,0.88,block_baldwin,4.285714286,1.496026483,7,easy
34,The|woman's|earring|was|a|small|silver,hoop,TRUE,strong non-CoRT,low cloze,1,no,trial,0.32,peele,1.8,1.095445115,7,hard
35,He|blew|out|his|cigarette|smoke|in|a|small,puff,TRUE,strong CoRT,low cloze,1,no,trial,0.34,peele,4.75,0.5,9,hard
36,Jenny|lit|the|candles|on|the|birthday,said,FALSE,strong CoRT,high cloze,1,no,trial,0.94,block_baldwin,4.285714286,1.496026483,7,easy
37,"According|to|the|Bible,|murder|is|a",sin,TRUE,strong non-CoRT,high cloze,1,no,trial,0.96,peele,2,0.8164965809,7,easy
38,Don't|believe|everything|you,hear,TRUE,strong non-CoRT,high cloze,1,no,trial,0.82,block_baldwin,1.571428571,1.133893419,4,easy
39,Patrick|did|not|think|Kayla|was|worth|fighting,music,FALSE,strong non-CoRT,high cloze,1,no,trial,0.8,peele,1.4,0.5477225575,8,easy
40,Sally|heard|that|our|new|teacher|was|impossible|to,please,TRUE,strong non-CoRT,low cloze,1,no,trial,0.48,peele,1.2,0.4472135955,9,hard
41,After|the|recital|she|faced|the|audience|and|took|a,float,FALSE,strong CoRT,high cloze,1,no,trial,0.89,block_baldwin,4.142857143,1.069044968,10,easy
42,Kennedy|told|her|mom|she|felt|stuck|in|a,rut,TRUE,strong non-CoRT,high cloze,1,no,trial,0.87,peele,2,1,9,easy
43,"After|driving|over|sharp|glass,|Ronald|had|a|flat",tire,TRUE,strong CoRT,high cloze,1,no,trial,1,peele,4.4,0.894427191,9,easy
44,It|was|announced|that|the|two|companies|would,merge,TRUE,strong non-CoRT,high cloze,1,yes,trial,0.96,peele,1.25,0.5,9,easy
45,During|the|holidays|it|is|very|expensive|to|book|a,meditate,FALSE,strong non-CoRT,high cloze,1,yes,trial,0.81,block_baldwin,1.857142857,0.8997354108,10,easy
46,"After|the|engine|took|on|water,|the|car|began|to",hair,FALSE,strong CoRT,low cloze,1,yes,trial,0.37,block_baldwin,4,0.632455532,10,hard
47,"To|enter|the|castle,|she|rode|across|a",bridge,TRUE,strong CoRT,low cloze,1,yes,trial,0.4,peele,4.5,0.5773502692,8,hard
48,France|is|a|country|that|is|famous|for,wine,TRUE,strong non-CoRT,low cloze,1,no,trial,0.31,peele,2,1.732050808,8,hard
49,Tammy|was|not|a|gambler|because|she|had|bad,luck,TRUE,strong non-CoRT,high cloze,1,no,trial,0.86,block_baldwin,1.857142857,1.463850109,9,easy
50,"Instead|of|buying|a|new|phone,|Shannon|replaced|the",fool,FALSE,strong CoRT,low cloze,1,no,trial,0.36,peele,4.25,0.5,9,hard
51,His|car|is|huge|so|it's|too|heavy|to,push,TRUE,strong non-CoRT,low cloze,1,no,trial,0.44,peele,2,1.224744871,9,hard
52,"Tired|of|beige|walls,|Ingrid|painted|them|a|bold",red,TRUE,strong CoRT,low cloze,1,no,trial,0.38,peele,4.4,0.894427191,9,hard
53,Weddings|bring|out|excitement|and|general|feelings|of,joy,TRUE,strong non-CoRT,low cloze,1,no,trial,0.34,peele,1.166666667,0.4082482905,8,hard
54,The|gas|station|is|about|two|miles|down|the,road,TRUE,strong non-CoRT,high cloze,1,no,trial,0.88,block_baldwin,1,0,9,easy
55,The|boat|passed|easily|under|the,bridge,TRUE,strong CoRT,high cloze,1,no,trial,0.89,block_baldwin,4,1.414213562,6,easy
56,The|company|said|they|were|looking|to,hire,TRUE,strong non-CoRT,low cloze,1,no,trial,0.37,peele,1.25,0.5,7,hard
57,He|loosened|the|tie|around|his,neck,TRUE,strong CoRT,high cloze,1,no,trial,0.97,block_baldwin,4.428571429,1.511857892,6,easy
58,A|stray|baseball|smacked|an|unsuspecting|walker|in|the,head,TRUE,strong CoRT,low cloze,1,no,trial,0.45,peele,4.2,0.8366600265,9,hard
59,The|woman’s|shirt|was|so|worn|it|had|a,hole,TRUE,strong non-CoRT,high cloze,1,no,trial,0.86,block_baldwin,1.571428571,1.511857892,9,easy
60,"When|the|robber|trapped|Dorothy,|she|began|to",cry,TRUE,strong CoRT,low cloze,1,no,trial,0.37,peele,4.333333333,0.8164965809,8,hard
61,Charles|dunked|the|basketball|through|the,hoop,TRUE,strong CoRT,high cloze,1,no,trial,0.87,block_baldwin,4.428571429,1.511857892,6,easy
63,Dean|dropped|the|cookies|and|had|to|make|a|fresh,batch,TRUE,strong CoRT,high cloze,1,no,trial,0.95,peele,4.8,0.4472135955,10,easy
64,After|missing|lunch|Harry|badly|needed|some,food,TRUE,strong non-CoRT,high cloze,1,no,trial,0.84,peele,2,1.414213562,7,easy
62,The|elementary|school|girl|loved|to|hula,hoop,TRUE,strong non-CoRT,high cloze,1,no,trial,0.83,peele,1.8,0.8366600265,7,easy
65,,,,,,,,break,,,,,,
0,The|teacher|was|afraid|of|germs|and|getting,mutt,FALSE,strong non-CoRT,high cloze,2,no,trial,0.92,peele,1.8,1.303840481,8,easy
1,The|man|presented|his|new|fiancée|with|an|expensive,due,FALSE,strong CoRT,high cloze,2,no,trial,0.81,block_baldwin,4,1.414213562,9,easy
2,Andrew's|favorite|type|of|fruit|is|the,apple,TRUE,strong non-CoRT,low cloze,2,no,trial,0.31,peele,1.666666667,0.5773502692,7,hard
3,The|vacuum's|defects|affected|its|ability|to,clean,TRUE,strong non-CoRT,low cloze,2,no,trial,0.38,peele,1,0,7,hard
4,Rachel|missed|her|appointment|after|writing|down|the|wrong,address,TRUE,strong CoRT,low cloze,2,no,trial,0.36,peele,4,1,9,hard
5,"For|a|runner,|Ted|is|rather",hook,FALSE,strong non-CoRT,low cloze,2,yes,trial,0.5,block_baldwin,1.833333333,1.169045194,6,hard
6,Jamie|preferred|to|use|cooking|foil|made|of,aluminum,TRUE,strong non-CoRT,high cloze,2,no,trial,0.81,peele,1.5,1,8,easy
7,"In|woodshop,|Alex|smoothed|the|baseball|bat|with|the",lettuce,FALSE,strong CoRT,low cloze,2,no,trial,0.32,peele,4.75,0.5,9,hard
8,Spaghetti|is|the|girl's|favorite|type|of,tang,FALSE,strong non-CoRT,low cloze,2,no,trial,0.49,peele,1.6,0.5477225575,7,hard
9,"John|felt|sorry,|but|it|was|not|his",brake,FALSE,strong non-CoRT,high cloze,2,no,trial,0.91,block_baldwin,1.714285714,1.496026483,8,easy
10,"After|she|bought|the|dress,|she|ripped|off|its",tag,TRUE,strong CoRT,high cloze,2,yes,trial,0.81,peele,4.8,0.4472135955,9,easy
11,"The|toddler|enjoyed|feeding|bread|to|the|fat,|white",duck,TRUE,strong CoRT,low cloze,2,no,trial,0.5,peele,4.5,0.5773502692,9,hard
12,Spring|was|Jo’s|favorite|season|of|the,year,TRUE,strong non-CoRT,high cloze,2,no,trial,0.94,block_baldwin,1.428571429,1.133893419,7,easy
13,The|baby's|ice|cream|was|snatched|up|by|the,dog,TRUE,strong CoRT,low cloze,2,no,trial,0.47,peele,4.5,0.5773502692,9,hard
14,The|farmer|spends|the|morning|milking|his,legs,FALSE,strong CoRT,high cloze,2,yes,trial,0.94,block_baldwin,4.285714286,1.496026483,7,easy
15,The|thief|ran|by|and|snatched|the|lady’s,purse,TRUE,strong CoRT,high cloze,2,no,trial,0.87,block_baldwin,4.428571429,1.511857892,8,easy
16,She|threw|away|the|old|paper|in|the,trash,TRUE,strong CoRT,high cloze,2,no,trial,0.89,block_baldwin,4.142857143,1.463850109,8,easy
17,They|believe|the|most|pious|man|is|the,blanket,FALSE,strong non-CoRT,low cloze,2,no,trial,0.38,peele,2,1.414213562,8,hard
18,"After|returning|home,|Sharon|hung|her|jacket|on|the",hook,TRUE,strong CoRT,low cloze,2,no,trial,0.43,peele,4.8,0.4472135955,9,hard
19,Meg|hated|that|cleaning|the|bathroom|was|her,chore,TRUE,strong non-CoRT,low cloze,2,no,trial,0.47,peele,1.75,0.9574271078,8,hard
20,The|captain|steered|the|ship|and|narrowly|avoided|the,iceberg,TRUE,strong CoRT,low cloze,2,no,trial,0.34,peele,4.75,0.5,9,hard
21,Many|women|are|very|conscious|of|their,weight,TRUE,strong non-CoRT,low cloze,2,no,trial,0.32,peele,1.4,0.5477225575,7,hard
22,The|little|girl|was|very|afraid|of|the,leg,FALSE,strong non-CoRT,high cloze,2,no,trial,0.81,block_baldwin,1.857142857,1.069044968,8,easy
23,The|villagers|had|never|ventured|out|of|the,stare,FALSE,strong non-CoRT,low cloze,2,no,trial,0.32,peele,1.2,0.4472135955,8,hard
24,"After|receiving|bad|news,|the|patient|began|to",steroids,FALSE,strong CoRT,high cloze,2,no,trial,0.83,peele,4.166666667,0.9831920803,8,easy
25,The|officer|barged|in|and|quickly|flashed|his,badge,TRUE,strong CoRT,high cloze,2,no,trial,0.81,peele,4.75,0.5,8,easy
26,A|black|European|crow|is|sometimes|called|a,raven,TRUE,strong non-CoRT,low cloze,2,no,trial,0.42,peele,1.5,1,8,hard
27,Frank|read|by|the|fireplace|while|his|grandmother,reach,FALSE,strong CoRT,low cloze,2,no,trial,0.4,peele,4.4,0.894427191,8,hard
28,When|she|got|out|of|the|car|she|closed|the,door,TRUE,strong CoRT,high cloze,2,no,trial,0.95,block_baldwin,4,1.414213562,10,easy
29,The|child|looked|outside|and|watched|the|flying,cry,FALSE,strong CoRT,low cloze,2,no,trial,0.4,peele,4,0.7071067812,8,hard
30,They|broke|into|the|store|and|began|to,steal,TRUE,strong CoRT,low cloze,2,no,trial,0.42,peele,4.6,0.5477225575,8,hard
31,Larry's|motto|was|always|do|what|you,gone,FALSE,strong non-CoRT,low cloze,2,no,trial,0.5,peele,1.25,0.5,7,hard
32,The|dog|ran|inside|just|before|it|started|to,rain,TRUE,strong CoRT,high cloze,2,no,trial,0.82,peele,4.2,0.8366600265,9,easy
33,Many|people|will|carry|important|items|in|a,bag,TRUE,strong non-CoRT,low cloze,2,no,trial,0.37,peele,1.5,1,8,hard
34,"Before|placing|each|brick,|he|applied|a|glob|of",cement,TRUE,strong CoRT,low cloze,2,yes,trial,0.46,peele,4.666666667,0.5773502692,9,hard
35,"When|Jen|showed|the|treat,|Maggie's|tail|began|to",map,FALSE,strong CoRT,high cloze,2,no,trial,0.96,peele,4,0.8164965809,9,easy
36,For|breakfast|Jim|wanted|bacon|and,eggs,TRUE,strong non-CoRT,high cloze,2,no,trial,0.91,block_baldwin,1.428571429,0.7867957925,6,easy
37,I|could|not|remember|his,name,TRUE,strong non-CoRT,high cloze,2,no,trial,0.92,block_baldwin,1,0,5,easy
38,The|new|officer|was|of|a|higher,pencils,FALSE,strong non-CoRT,high cloze,2,no,trial,0.81,block_baldwin,1.285714286,0.755928946,7,easy
39,There|was|not|room|for|the|triplets|in|the,car,TRUE,strong non-CoRT,low cloze,2,no,trial,0.34,peele,2,0.8164965809,9,hard
40,George|sprinted|out|the|door|because|he|was|in|a,bump,FALSE,strong CoRT,high cloze,2,no,trial,0.87,peele,4,0.8164965809,10,easy
41,"At|the|rock|concert,|the|music|was|extremely",loud,TRUE,strong non-CoRT,high cloze,2,no,trial,0.98,peele,1.833333333,0.9831920803,8,easy
42,The|knight|prepared|for|battle|and|drew|his,sword,TRUE,strong CoRT,high cloze,2,yes,trial,0.91,block_baldwin,4.142857143,1.463850109,8,easy
43,Ollie|was|tired|of|the|radio|playing|the|same,songs,TRUE,strong non-CoRT,high cloze,2,no,trial,0.84,peele,1.75,0.9574271078,9,easy
44,"An|almond|is|a|type|of|seed,|not|a",plan,FALSE,strong non-CoRT,high cloze,2,no,trial,0.87,peele,1.5,1,9,easy
45,Helen|removed|the|paint|from|her|face|with|a,sin,FALSE,strong CoRT,low cloze,2,no,trial,0.33,peele,4.8,0.4472135955,9,hard
46,His|brand|new|soccer|ball|landed|in|the,mud,TRUE,strong CoRT,low cloze,2,yes,trial,0.34,peele,4,1.732050808,8,hard
47,Quinn|was|surprised|that|Mariah|didn't|believe|in,god,TRUE,strong non-CoRT,low cloze,2,no,trial,0.43,peele,1.8,0.8366600265,8,hard
48,Chocolate|is|made|from|the|roasted|cacao,bean,TRUE,strong non-CoRT,high cloze,2,no,trial,0.84,peele,1.8,0.4472135955,7,easy
49,The|princess|was|pulled|onto|the|horse|by|the,dead,FALSE,strong CoRT,low cloze,2,no,trial,0.37,peele,4.4,0.894427191,9,hard
50,The|heavy|box|had|both|a|large|volume|and,weight,TRUE,strong non-CoRT,low cloze,2,no,trial,0.38,peele,1.6,1.341640786,9,hard
51,Barb|pulled|her|sleeve|back|to|reveal|a|big,bruise,TRUE,strong CoRT,low cloze,2,no,trial,0.39,peele,4.5,0.5773502692,9,hard
52,It|is|painful|to|have|diseases|like,cancer,TRUE,strong non-CoRT,low cloze,2,no,trial,0.36,peele,1,0,7,hard
53,Chris|said|his|dog|had|always|been|his|best,friend,TRUE,strong non-CoRT,high cloze,2,no,trial,0.95,peele,1.75,1.5,9,easy
54,Her|left|hand|was|freezing|after|she|lost|her,glove,TRUE,strong CoRT,high cloze,2,no,trial,0.8,peele,4.4,0.5477225575,9,easy
55,The|boy|won|the|chess|competition|by|using|his,brain,TRUE,strong non-CoRT,low cloze,2,no,trial,0.36,peele,1.75,0.9574271078,9,hard
56,Father|carved|the|turkey|with|a,knife,TRUE,strong CoRT,high cloze,2,no,trial,0.95,block_baldwin,4.285714286,1.496026483,6,easy
57,Abby|stuck|his|picture|to|her|wall|with|a,tack,TRUE,strong CoRT,low cloze,2,no,trial,0.46,peele,4.333333333,0.5773502692,9,hard
58,American|Presidents|are|limited|to|serving|a|period|of|eight,years,TRUE,strong non-CoRT,high cloze,2,no,trial,0.84,block_baldwin,1.142857143,0.377964473,10,easy
59,"Everyday|during|recess,|the|children|would|play",tag,TRUE,strong CoRT,low cloze,2,no,trial,0.41,peele,4,1.224744871,7,hard
60,The|bride|smiled|as|she|walked|down|the,aisle,TRUE,strong CoRT,high cloze,2,no,trial,0.88,block_baldwin,4.285714286,1.112697281,8,easy
61,George|must|keep|his|pet|on|a,leash,TRUE,strong non-CoRT,high cloze,2,no,trial,0.9,block_baldwin,1.714285714,0.755928946,7,easy
62,The|kitten|played|with|the|ball|of,yarn,TRUE,strong CoRT,high cloze,2,no,trial,0.94,block_baldwin,4,1.527525232,7,easy
63,None|of|his|books|made|any,sense,TRUE,strong non-CoRT,high cloze,2,no,trial,0.87,block_baldwin,1.571428571,1.511857892,6,easy
64,,,,,,,,break,,,,,,
0,Bradley|prefers|cats|over,catch,FALSE,strong non-CoRT,high cloze,3,no,trial,0.91,block_baldwin,1.142857143,0.377964473,4,easy
1,"After|receiving|a|treat,|the|dog's|tail|began|to",work,FALSE,strong CoRT,high cloze,3,no,trial,0.98,peele,4.25,0.5,9,easy
2,One|must|take|time|out|of|every|day|to,relax,TRUE,strong non-CoRT,low cloze,3,no,trial,0.36,peele,1,0,9,hard
3,For|a|small|horse|she|has|a|very|long,tail,TRUE,strong non-CoRT,low cloze,3,no,trial,0.47,peele,1.8,1.303840481,9,hard
4,He|used|his|skateboard|to|grind|along|the,rails,TRUE,strong CoRT,low cloze,3,no,trial,0.38,peele,4.5,0.5773502692,8,hard
5,Some|clothing|types|don't|last|long|because|they|easily,eat,FALSE,strong non-CoRT,low cloze,3,no,trial,0.44,peele,2,1.224744871,9,hard
6,Her|new|shoes|were|the|wrong,size,TRUE,strong non-CoRT,high cloze,3,no,trial,0.91,block_baldwin,1.428571429,1.133893419,6,easy
7,The|screaming|little|girl|made|the|sitter|very,loose,FALSE,strong CoRT,low cloze,3,no,trial,0.33,peele,4.2,0.8366600265,8,hard
8,It|seemed|like|the|girl|was|always|running,argue,FALSE,strong non-CoRT,low cloze,3,no,trial,0.41,peele,1.75,0.9574271078,8,hard
9,He|had|a|long|day|and|was|in|a|bad,lure,FALSE,strong non-CoRT,high cloze,3,no,trial,0.95,block_baldwin,1.857142857,1.573591585,10,easy
10,The|box|landed|on|the|ground|with|a|dull,thud,TRUE,strong CoRT,high cloze,3,no,trial,0.85,peele,4.25,0.9574271078,9,easy
11,The|crowd|became|rowdy|after|drinking|too|much|sweet,wine,TRUE,strong CoRT,low cloze,3,no,trial,0.32,peele,4.6,0.5477225575,9,hard
12,Drivers|should|keep|your|eyes|on|the,road,TRUE,strong non-CoRT,high cloze,3,yes,trial,0.92,block_baldwin,1.857142857,0.8997354108,7,easy
13,"Distracted|while|driving,|Maya|got|stuck|in|the|sticky",mud,TRUE,strong CoRT,low cloze,3,no,trial,0.46,peele,4,1.224744871,9,hard
14,"While|cooking,|Luke|accidentally|cut|himself|with|a",flavor,FALSE,strong CoRT,high cloze,3,no,trial,0.96,peele,4.2,0.8366600265,8,easy
15,He|climbed|a|ladder|in|order|to|reshingle|the,roof,TRUE,strong CoRT,high cloze,3,no,trial,0.86,block_baldwin,4.142857143,1.463850109,9,easy
16,"After|raking|the|yard,|Pat|jumped|into|the|pile|of",leaves,TRUE,strong CoRT,high cloze,3,no,trial,0.92,block_baldwin,4.571428571,0.7867957925,10,easy
17,Bob|planned|to|reopen|the|restaurant|in|the,eaten,FALSE,strong non-CoRT,low cloze,3,no,trial,0.38,peele,2,1.224744871,8,hard
18,Andy|reached|the|curb|and|told|the|dog|to,sit,TRUE,strong CoRT,low cloze,3,no,trial,0.42,peele,4,1.414213562,9,hard
19,Mary|agreed|that|a|popsicle|would|be|the|right,treat,TRUE,strong non-CoRT,low cloze,3,no,trial,0.41,peele,2,1,9,hard
20,The|evil|witch|eyed|the|young|princess|with|a,glare,TRUE,strong CoRT,low cloze,3,no,trial,0.31,peele,4.4,0.894427191,9,hard
21,"To|relax|herself,|she|liked|to|listen|to|smooth",jazz,TRUE,strong non-CoRT,low cloze,3,no,trial,0.47,block_baldwin,1.833333333,0.4082482905,9,hard
22,"To|prevent|football|injury,|all|players|must|wear|shoulder",cry,FALSE,strong non-CoRT,high cloze,3,no,trial,0.96,block_baldwin,1.571428571,0.9759000729,9,easy
23,To|cook|a|meal|you|will|surely|need|a,skin,FALSE,strong non-CoRT,low cloze,3,no,trial,0.44,peele,1.75,0.9574271078,9,hard
24,The|cop|entered|the|building|and|showed|his,fin,FALSE,strong CoRT,high cloze,3,no,trial,0.92,peele,4.25,0.5,8,easy
25,"During|the|hike,|Lila's|feet|hurt|more|with|each",step,TRUE,strong CoRT,high cloze,3,no,trial,0.98,peele,4,1,9,easy
26,The|villagers|lived|their|lives|as|simple,people,TRUE,strong non-CoRT,low cloze,3,no,trial,0.4,peele,2,1,7,hard
27,"Angry|at|the|late|employee,|Brandon|began|to",lawn,FALSE,strong CoRT,low cloze,3,no,trial,0.5,peele,4.166666667,1.329160136,8,hard
28,"At|the|show,|all|the|animals|jumped|through|a",hoop,TRUE,strong CoRT,high cloze,3,no,trial,0.94,peele,4.2,0.8366600265,9,easy
29,The|beautiful|woman|in|the|story|turned|into|a,womb,FALSE,strong CoRT,low cloze,3,no,trial,0.44,peele,4,1.264911064,9,hard
30,Greta|quickly|woke|after|Jess|gave|her|a|painful,pinch,TRUE,strong CoRT,low cloze,3,no,trial,0.39,peele,4.5,0.5773502692,9,hard
31,"Out|of|habit,|the|family|always|ate|dinner|at",wrong,FALSE,strong non-CoRT,low cloze,3,no,trial,0.43,peele,2,1.414213562,9,hard
32,The|toddler|jumped|but|the|jar|was|out|of,reach,TRUE,strong CoRT,high cloze,3,no,trial,0.82,peele,4.6,0.5477225575,9,easy
33,A|large|stone|blocked|the|entrance|to|the,cave,TRUE,strong non-CoRT,low cloze,3,no,trial,0.36,block_baldwin,1.666666667,1.032795559,8,hard
34,"As|Jill|felt|the|sharp|pain,|she|began|to",cry,TRUE,strong CoRT,low cloze,3,no,trial,0.46,peele,4.6,0.5477225575,9,hard
35,He|turned|the|page|of|his|favorite,ghost,FALSE,strong CoRT,high cloze,3,no,trial,0.9,block_baldwin,4,1.527525232,7,easy
36,He|knew|about|the|prank|they|were|trying|to,pull,TRUE,strong non-CoRT,high cloze,3,no,trial,0.8,peele,1.4,0.5477225575,9,easy
37,Jenny|was|creative|and|loved|to|study,art,TRUE,strong non-CoRT,high cloze,3,no,trial,0.82,block_baldwin,1.571428571,0.7867957925,7,easy
38,The|landlord|did|not|like|when|the|rent|was,pin,FALSE,strong non-CoRT,high cloze,3,no,trial,0.8,block_baldwin,2,1.414213562,9,easy
39,An|ulcer|on|the|skin|is|a|painful,sore,TRUE,strong non-CoRT,low cloze,3,no,trial,0.41,peele,1.8,1.095445115,8,hard
40,"While|his|parents|vacationed,|the|kid|threw|a|huge",fur,FALSE,strong CoRT,high cloze,3,no,trial,0.84,peele,4,0.8164965809,9,easy
41,Eric|was|worried|that|his|car|didn't|have|enough,gas,TRUE,strong non-CoRT,high cloze,3,no,trial,0.86,peele,1.6,0.894427191,9,easy
42,The|little|girl|tripped|and|immediately|began|to,cry,TRUE,strong CoRT,high cloze,3,no,trial,0.9,peele,4.5,0.8366600265,8,easy
43,Claire|claimed|motherhood|was|the|hardest|job|she|ever,had,TRUE,strong non-CoRT,high cloze,3,no,trial,0.82,peele,1.6,0.894427191,9,easy
44,The|candles|smelled|even|better|when|they|were,wine,FALSE,strong non-CoRT,high cloze,3,no,trial,0.87,block_baldwin,1.714285714,0.4879500365,8,easy
45,Jan|dropped|the|lightbulb|and|it|cracked|near|the,down,FALSE,strong CoRT,low cloze,3,no,trial,0.47,peele,4,0,9,hard
46,"Before|leaving|for|the|party,|Kim|dabbed|on|some",perfume,TRUE,strong CoRT,low cloze,3,no,trial,0.49,peele,4.2,0.8366600265,9,hard
47,There|was|nothing|to|do|once|the|fuse|was,lit,TRUE,strong non-CoRT,low cloze,3,no,trial,0.39,peele,1.8,1.095445115,9,hard
48,At|last|the|time|for|action|had,come,TRUE,strong non-CoRT,high cloze,3,no,trial,0.84,block_baldwin,2,1.154700538,7,easy
49,"While|preparing|the|meal,|the|chef|couldn't|find|his",swim,FALSE,strong CoRT,low cloze,3,no,trial,0.41,peele,4,0.7071067812,9,hard
50,She|adores|rain|but|doesn't|at|all|like,snow,TRUE,strong non-CoRT,low cloze,3,no,trial,0.42,peele,1.75,0.5,8,hard
51,The|tranquil|park|atmosphere|was|disturbed|by|the|honking,horn,TRUE,strong CoRT,low cloze,3,no,trial,0.36,peele,4.5,1,9,hard
52,The|dessert|was|so|good|it|was|hard|to,resist,TRUE,strong non-CoRT,low cloze,3,no,trial,0.41,peele,2,0.7071067812,9,hard
53,Charles|knew|that|the|woman|was|out|of|his,league,TRUE,strong non-CoRT,high cloze,3,no,trial,0.82,peele,1.25,0.5,9,easy
54,I|roasted|the|marshmallow|over|the,fire,TRUE,strong CoRT,high cloze,3,no,trial,0.89,block_baldwin,4.142857143,1.463850109,6,easy
55,His|worst|fear|was|that|the|spectators|would,boo,TRUE,strong non-CoRT,low cloze,3,no,trial,0.36,peele,1.2,0.4472135955,8,hard
56,"After|swallowing|too|quickly,|Simon|began|to",choke,TRUE,strong CoRT,high cloze,3,no,trial,0.82,peele,4,1.224744871,7,easy
57,"After|returning|to|his|bedroom,|the|monk|removed|his",robe,TRUE,strong CoRT,low cloze,3,no,trial,0.5,peele,4.8,0.4472135955,9,hard
58,Their|water|source|on|the|farm|was|the|old,well,TRUE,strong non-CoRT,high cloze,3,no,trial,0.89,peele,1.2,0.4472135955,9,easy
59,Karen|realized|she|had|stepped|in|a|pile|of,poop,TRUE,strong CoRT,low cloze,3,no,trial,0.49,peele,4.6,0.5477225575,9,hard
60,The|accountant|ironed|a|shirt|before|going|to,work,TRUE,strong CoRT,high cloze,3,no,trial,0.9,block_baldwin,4,1.414213562,8,easy
61,The|lecture|should|last|about|one,hour,TRUE,strong non-CoRT,high cloze,3,no,trial,0.91,block_baldwin,1,0,6,easy
62,Katie|put|the|flowers|in|an|expensive,vase,TRUE,strong CoRT,high cloze,3,no,trial,0.93,block_baldwin,4,1.414213562,7,easy
63,The|fluffy|white|clouds|are|high|up|in|the,sky,TRUE,strong non-CoRT,high cloze,3,no,trial,0.93,block_baldwin,1.571428571,1.133893419,9,easy
64,,,,,,,,break,,,,,,
0,"Married|to|a|duchess,|Max|earned|the|title|of",pack,FALSE,strong non-CoRT,high cloze,4,no,trial,0.88,peele,1.6,0.5477225575,9,easy
1,He|turned|to|see|the|dog|charging|like|a,pad,FALSE,strong CoRT,high cloze,4,no,trial,0.83,peele,4.4,0.5477225575,9,easy
2,The|car|was|similar|but|it|was|a|different,model,TRUE,strong non-CoRT,low cloze,4,no,trial,0.4,peele,1.4,0.894427191,9,hard
3,"Even|in|the|most|trying|times,|she|kept|her",cool,TRUE,strong non-CoRT,low cloze,4,yes,trial,0.5,peele,2,1.224744871,9,hard
4,The|boat|sailed|faster|after|tightly|pulling|in|the,sail,TRUE,strong CoRT,low cloze,4,no,trial,0.5,peele,4.75,0.5,9,hard
5,The|woman|said|she|had|finally|found,tip,FALSE,strong non-CoRT,low cloze,4,no,trial,0.36,peele,2,0.7071067812,7,hard
6,Kelly|believed|that|everything|was|determined|by,fate,TRUE,strong non-CoRT,high cloze,4,no,trial,0.83,peele,1.75,0.9574271078,7,easy
7,The|rowdy|player|was|ejected|after|a|nasty,village,FALSE,strong CoRT,low cloze,4,no,trial,0.46,peele,4,0,8,hard
8,Alexis|was|embarrassed|by|her|child's|behavior|in,cool,FALSE,strong non-CoRT,low cloze,4,no,trial,0.36,peele,1.6,0.894427191,8,hard
9,Success|is|often|just|a|matter|of|hard,fake,FALSE,strong non-CoRT,high cloze,4,yes,trial,0.93,block_baldwin,1.428571429,1.133893419,8,easy
10,The|fisherman|easily|put|the|bait|on|the,hook,TRUE,strong CoRT,high cloze,4,no,trial,0.93,peele,4.4,0.5477225575,8,easy
11,"While|trying|to|lift|the|box,|Jeffrey|pulled|his",back,TRUE,strong CoRT,low cloze,4,no,trial,0.39,peele,4.4,0.894427191,9,hard
12,I|would|drive|but|my|car|is|low|on,gas,TRUE,strong non-CoRT,high cloze,4,no,trial,0.9,block_baldwin,1.857142857,0.6900655593,9,easy
13,"As|he|left,|the|insulted|man|made|a",gesture,TRUE,strong CoRT,low cloze,4,no,trial,0.4,peele,4.8,0.4472135955,8,hard
14,The|impatient|man|kept|glancing|at|his,run,FALSE,strong CoRT,high cloze,4,no,trial,0.94,peele,4,0.8164965809,7,easy
15,The|gentleman|on|the|bus|offered|the|child|his,seat,TRUE,strong CoRT,high cloze,4,no,trial,0.9,peele,4.25,0.9574271078,9,easy
16,"Soon|after|Janice|stepped|on|the|wet|floor,|she",slipped,TRUE,strong CoRT,high cloze,4,no,trial,0.82,peele,4.6,0.5477225575,9,easy
17,Grace|didn't|like|eating|foods|with|a|lot|of,race,FALSE,strong non-CoRT,low cloze,4,no,trial,0.39,peele,1.4,0.5477225575,9,hard
18,Stacy|was|not|careful|and|spilled|wine|on|her,dress,TRUE,strong CoRT,low cloze,4,no,trial,0.44,peele,4,1.414213562,9,hard
19,The|chef|wanted|his|steaks|to|have|a|good,flavor,TRUE,strong non-CoRT,low cloze,4,no,trial,0.38,peele,2,1.414213562,9,hard
20,The|strong|landscaper|removed|the|tree|root|with|one,pull,TRUE,strong CoRT,low cloze,4,yes,trial,0.41,peele,4.2,1.303840481,9,hard
21,"When|it's|warm|out,|Jack|likes|going|to|the",beach,TRUE,strong non-CoRT,low cloze,4,no,trial,0.42,peele,1.6,0.894427191,9,hard
22,"The|mother|was|against|swearing,|calling|it|a",pill,FALSE,strong non-CoRT,high cloze,4,no,trial,0.85,peele,2,0.8164965809,8,easy
23,Winston's|prized|chess|set|was|missing|a,meal,FALSE,strong non-CoRT,low cloze,4,no,trial,0.43,peele,1.6,0.5477225575,7,hard
24,The|thief|ran|away|after|taking|the|woman's,hire,FALSE,strong CoRT,high cloze,4,no,trial,0.9,peele,4.75,0.5,8,easy
25,Jane|fried|some|bacon|in|the,pan,TRUE,strong CoRT,high cloze,4,no,trial,0.86,block_baldwin,4.142857143,1.463850109,6,easy
26,It|is|difficult|for|any|large|business|to,succeed,TRUE,strong non-CoRT,low cloze,4,no,trial,0.33,peele,1.6,1.341640786,8,hard
27,The|car|suddenly|appeared|and|Liz|wasn't|able|to,suit,FALSE,strong CoRT,low cloze,4,no,trial,0.35,peele,4.333333333,0.5163977795,9,hard
28,The|girls|drew|beautiful|designs|on|the|street|with,chalk,TRUE,strong CoRT,high cloze,4,yes,trial,0.83,peele,4,1.414213562,9,easy
29,Jill|cried|and|said|her|life|had|become|a,class,FALSE,strong CoRT,low cloze,4,no,trial,0.4,peele,4,0.7071067812,9,hard
30,The|cargo|at|the|shipyard|fell|with|a|loud,bang,TRUE,strong CoRT,low cloze,4,no,trial,0.33,peele,4,0,9,hard
31,The|gym|class|knew|the|rope|would|be|a,bottle,FALSE,strong non-CoRT,low cloze,4,no,trial,0.26,block_baldwin,1.166666667,0.4082482905,9,hard
32,Jan|tried|to|squeeze|in|but|there|was|no,room,TRUE,strong CoRT,high cloze,4,no,trial,0.85,block_baldwin,4.142857143,0.6900655593,9,easy
33,Her|baby|was|not|ready|to|leave|the,crib,TRUE,strong non-CoRT,low cloze,4,no,trial,0.32,peele,1.75,0.9574271078,8,hard
34,The|pirates|escaped|with|a|large|bag|of,gold,TRUE,strong CoRT,low cloze,4,no,trial,0.44,peele,4.75,0.5,8,hard
35,When|Colin|saw|smoke|he|called|911|to|report|a,slow,FALSE,strong CoRT,high cloze,4,no,trial,0.91,block_baldwin,4,1.414213562,10,easy
36,Napa|Valley|in|California|is|known|for|making,wine,TRUE,strong non-CoRT,high cloze,4,no,trial,0.94,peele,1.6,0.894427191,8,easy
37,"Instead|of|a|purebred|dog,|John|chose|a",mutt,TRUE,strong non-CoRT,high cloze,4,no,trial,0.89,peele,2,1.732050808,8,easy
38,Many|brunettes|like|to|dye|their|hair,collapsed,FALSE,strong non-CoRT,high cloze,4,no,trial,0.86,block_baldwin,1.857142857,0.8997354108,7,easy
39,When|she|was|only|twenty|years|old|she|found,love,TRUE,strong non-CoRT,low cloze,4,no,trial,0.41,peele,1.8,1.095445115,9,hard
40,"In|the|courtroom,|the|defendant|was|silenced|by|the",hope,FALSE,strong CoRT,high cloze,4,no,trial,0.85,peele,4,1,9,easy
41,Steven|had|been|raised|believing|that|lying|was|a,sin,TRUE,strong non-CoRT,high cloze,4,no,trial,0.91,peele,2,0.8164965809,9,easy
42,Joan|fed|her|baby|some|warm,milk,TRUE,strong CoRT,high cloze,4,no,trial,0.88,block_baldwin,4,1.414213562,6,easy
43,The|book|was|a|steal|at|such|a|low,price,TRUE,strong non-CoRT,high cloze,4,no,trial,0.89,block_baldwin,1.142857143,0.377964473,9,easy
44,The|baby|bird|was|ready|to|learn|to,roach,FALSE,strong non-CoRT,high cloze,4,no,trial,0.91,block_baldwin,2,0.5773502692,8,easy
45,The|dog|chased|our|cat|up|the,noise,FALSE,strong CoRT,low cloze,4,no,trial,0.43,block_baldwin,4.166666667,1.602081979,7,hard
46,"In|class,|Paula|took|out|her|notebook|and",wrote,TRUE,strong CoRT,low cloze,4,no,trial,0.42,peele,4.8,0.4472135955,8,hard
47,Don|didn't|tell|Carmen|secrets|because|she|liked|to,gossip,TRUE,strong non-CoRT,low cloze,4,no,trial,0.49,peele,1.75,0.9574271078,9,hard
48,"Ellen|enjoys|poetry,|painting,|and|other|forms|of",art,TRUE,strong non-CoRT,high cloze,4,no,trial,0.94,block_baldwin,1.285714286,0.4879500365,8,easy
49,The|woman|applied|concealer|with|a|gentle,walk,FALSE,strong CoRT,low cloze,4,no,trial,0.35,peele,4.8,0.4472135955,7,hard
50,"When|at|the|fair,|her|kids|always|have|great",times,TRUE,strong non-CoRT,low cloze,4,yes,trial,0.45,peele,1.75,0.5,9,hard
51,The|reckless|driver|drove|too|quickly|around|the,corner,TRUE,strong CoRT,low cloze,4,no,trial,0.42,peele,4.2,0.4472135955,8,hard
52,Paige|thought|the|color|of|the|wall|was|rather,dull,TRUE,strong non-CoRT,low cloze,4,no,trial,0.34,peele,1.8,0.8366600265,9,hard
53,Daniel|was|upset|that|his|basketball|team|didn't,win,TRUE,strong non-CoRT,high cloze,4,no,trial,0.91,peele,2,0.7071067812,8,easy
54,"After|hitting|the|iceberg,|the|ship|began|to",sink,TRUE,strong CoRT,high cloze,4,no,trial,0.96,block_baldwin,4,1.154700538,8,easy
55,"After|his|divorce,|my|neighbor|was|a|lonely",man,TRUE,strong non-CoRT,low cloze,4,yes,trial,0.46,peele,2,1.224744871,8,hard
56,Paulina|gave|the|huge|lollipop|a|big,lick,TRUE,strong CoRT,high cloze,4,no,trial,0.88,peele,4,1.154700538,7,easy
57,Wade|spotted|the|incoming|ball|and|was|able|to,duck,TRUE,strong CoRT,low cloze,4,no,trial,0.36,peele,4.5,0.5773502692,9,hard
58,Our|walk|was|illuminated|by|the|light|of|the,moon,TRUE,strong non-CoRT,high cloze,4,no,trial,0.84,peele,2,1.414213562,9,easy
59,Greg|clutched|his|queasy|stomach|and|began|to,vomit,TRUE,strong CoRT,low cloze,4,no,trial,0.47,peele,4.75,0.5,8,hard
60,"After|speaking,|Allen|left|the|noisy",room,TRUE,strong CoRT,high cloze,4,no,trial,0.81,block_baldwin,4.142857143,0.6900655593,6,easy
61,Suzy|saw|a|sign|that|said|babysitter|for,hire,TRUE,strong non-CoRT,high cloze,4,no,trial,0.88,peele,1.75,1.5,8,easy
62,"Exiting|the|pool,|the|children|were|so|cold|they",shivered,TRUE,strong CoRT,high cloze,4,no,trial,0.87,peele,4.4,0.5477225575,9,easy
63,Incredibly|poor|food|service|is|my|pet,peeve,TRUE,strong non-CoRT,high cloze,4,no,trial,0.96,peele,1.4,0.894427191,7,easy
64,,,,,,,,break,,,,,,
0,She|graduated|at|the|top|of|her,shelf,FALSE,strong non-CoRT,high cloze,5,no,trial,0.95,block_baldwin,1.571428571,0.7867957925,7,easy
1,The|farmer|ran|out|of|bacon|and|slaughtered|the,funeral,FALSE,strong CoRT,high cloze,5,no,trial,0.88,peele,4,0.8164965809,9,easy
2,Jake|hated|the|game|and|thought|it|wasn't,fair,TRUE,strong non-CoRT,low cloze,5,yes,trial,0.44,peele,1.4,0.5477225575,9,hard
3,Alexander|just|knew|that|he|would|win|the|big,prize,TRUE,strong non-CoRT,low cloze,5,no,trial,0.32,peele,1.6,0.5477225575,9,hard
4,The|young|man|quickly|pulled|the|sword|from|the,sheath,TRUE,strong CoRT,low cloze,5,no,trial,0.39,peele,4.5,1,9,hard
5,The|cardinals|wondered|which|of|them|would|become|the,stamp,FALSE,strong non-CoRT,low cloze,5,no,trial,0.5,peele,1.5,0.5773502692,9,hard
6,The|shape|of|the|woman’s|crystal|ball|was,round,TRUE,strong non-CoRT,high cloze,5,no,trial,0.82,block_baldwin,1.428571429,1.133893419,8,easy
7,The|excited|crowd|of|people|quickly|formed|a,failure,FALSE,strong CoRT,low cloze,5,no,trial,0.35,peele,4,0,8,hard
8,Not|even|the|cast|liked|the,bone,FALSE,strong non-CoRT,low cloze,5,no,trial,0.36,block_baldwin,1.833333333,1.602081979,6,hard
9,His|boss|refused|to|give|him|a,teeth,FALSE,strong non-CoRT,high cloze,5,no,trial,0.87,block_baldwin,1.857142857,0.6900655593,7,easy
10,She|preheated|the|oven|and|greased|the,pan,TRUE,strong CoRT,high cloze,5,no,trial,0.9,block_baldwin,4.285714286,1.496026483,7,easy
11,"Hearing|noises|from|above,|the|confused|man|inspected|the",attic,TRUE,strong CoRT,low cloze,5,no,trial,0.32,peele,4.5,0.8366600265,9,hard
12,The|doctor’s|suitcase|was|worn|and|obviously|very,old,TRUE,strong non-CoRT,high cloze,5,no,trial,0.89,block_baldwin,1.714285714,1.496026483,8,easy
13,"Over|the|summer,|the|boys|went|swimming|in|the",lake,TRUE,strong CoRT,low cloze,5,yes,trial,0.5,peele,4.4,0.5477225575,9,hard
14,Yolanda|took|the|wet|clothes|outside|to,bank,FALSE,strong CoRT,high cloze,5,no,trial,0.92,peele,4,0.632455532,7,easy
15,John|swept|the|floor|with|a,broom,TRUE,strong CoRT,high cloze,5,no,trial,0.9,block_baldwin,4.142857143,1.573591585,6,easy
16,She|washed|the|dirty|dishes|in|the,sink,TRUE,strong CoRT,high cloze,5,no,trial,0.92,block_baldwin,4,1.414213562,7,easy
17,Some|people|don't|enjoy|food|and|only|eat|to,pan,FALSE,strong non-CoRT,low cloze,5,no,trial,0.38,peele,1.75,0.5,9,hard
18,"As|a|clumsy|toddler,|Serena|often|spilled|her",milk,TRUE,strong CoRT,low cloze,5,yes,trial,0.34,peele,4.2,0.8366600265,7,hard
19,Jim|convinced|her|that|it|was|a|bad|prank|to,pull,TRUE,strong non-CoRT,low cloze,5,no,trial,0.43,peele,1.75,0.5,10,hard
20,Everyone|ran|from|the|man|like|he|was|a,monster,TRUE,strong CoRT,low cloze,5,no,trial,0.31,peele,4.8,0.4472135955,9,hard
21,That|boy|is|always|saying|he'll|someday|be,famous,TRUE,strong non-CoRT,low cloze,5,no,trial,0.31,peele,2,1.732050808,8,hard
22,Surfers|are|scared|of|getting|bitten|by|a,meal,FALSE,strong non-CoRT,high cloze,5,no,trial,0.92,block_baldwin,2,1,8,easy
23,All|the|gym|trainers|were|in|great|shape|and,home,FALSE,strong non-CoRT,low cloze,5,no,trial,0.36,peele,2,1.414213562,9,hard
24,"Tired|from|studying,|Dan|crumpled|his|papers|into|a",ball,TRUE,strong CoRT,high cloze,5,no,trial,0.8,peele,4,0.7071067812,9,easy
25,April|ran|her|errands|during|her|lunch,gin,FALSE,strong CoRT,high cloze,5,no,trial,0.86,block_baldwin,4,0.8164965809,7,easy
26,The|British|businessman|was|the|wealthiest|in|the|whole,country,TRUE,strong non-CoRT,low cloze,5,no,trial,0.36,peele,1,0,9,hard
27,The|convenience|store|was|robbed|by|a|small,face,FALSE,strong CoRT,low cloze,5,no,trial,0.37,peele,4,0,8,hard
28,The|librarian|sternly|told|us|to|be,quiet,TRUE,strong CoRT,high cloze,5,no,trial,0.8,block_baldwin,4,0.5773502692,7,easy
29,Nicola|walked|towards|the|lake|till|she|hit|the,push,FALSE,strong CoRT,low cloze,5,no,trial,0.44,peele,4,1.414213562,9,hard
30,Mary|was|upset|when|she|spilled|coffee|on|her|favorite,blouse,TRUE,strong CoRT,low cloze,5,yes,trial,0.35,peele,4.75,0.5,10,hard
31,The|body|builder's|arm|muscles|were|extremely,water,FALSE,strong non-CoRT,low cloze,5,no,trial,0.4,peele,1.6,0.5477225575,7,hard
32,The|maid|dusted|the|books|on|the,shelf,TRUE,strong CoRT,high cloze,5,no,trial,0.93,block_baldwin,4.142857143,1.573591585,7,easy
33,Being|a|father|and|a|businessman|made|his|role,difficult,TRUE,strong non-CoRT,low cloze,5,no,trial,0.31,peele,1,0,9,hard
34,The|boys|ran|to|the|car|carrying|their,bags,TRUE,strong CoRT,low cloze,5,no,trial,0.34,peele,4,1.154700538,8,hard
35,"After|saying|goodbye,|Tim|gave|his|wife|a|quick",hill,FALSE,strong CoRT,high cloze,5,no,trial,0.84,peele,4.75,0.5,9,easy
36,Lily|had|disliked|him|from|the|moment|they,met,TRUE,strong non-CoRT,high cloze,5,no,trial,0.99,peele,1.75,0.9574271078,8,easy
37,The|man|liked|to|play|his|music|too,loud,TRUE,strong non-CoRT,high cloze,5,no,trial,0.84,block_baldwin,2,1,8,easy
38,A|Dalmatian|dog|is|recognized|by|its|black|and|white,fate,FALSE,strong non-CoRT,high cloze,5,no,trial,0.84,block_baldwin,1.166666667,0.4082482905,10,easy
39,The|potatoes|were|seasoned|with|flakes|of|rosemary|and,thyme,TRUE,strong non-CoRT,low cloze,5,no,trial,0.35,peele,2,1.414213562,9,hard
40,The|infant|cried|when|she|got|stung|by|a,doubts,FALSE,strong CoRT,high cloze,5,no,trial,0.9,peele,4.2,1.303840481,9,easy
41,Sam|does|not|like|desserts|that|are|too,sweet,TRUE,strong non-CoRT,high cloze,5,no,trial,0.86,peele,1,0,8,easy
42,Elle|got|behind|the|stalled|car|and|began|to,push,TRUE,strong CoRT,high cloze,5,no,trial,0.87,peele,4.5,0.5773502692,9,easy
43,The|academic|year|began|in|the,fall,TRUE,strong non-CoRT,high cloze,5,no,trial,0.82,block_baldwin,1.428571429,1.133893419,6,easy
44,The|directions|did|not|match|any|roads|on|the,bill,FALSE,strong non-CoRT,high cloze,5,no,trial,0.85,block_baldwin,1.428571429,0.5345224838,9,easy
45,The|boxer|knocked|out|his|opponent|with|a|sudden,fan,FALSE,strong CoRT,low cloze,5,no,trial,0.48,peele,4.4,1.341640786,9,hard
46,They|were|startled|by|the|sudden,noise,TRUE,strong CoRT,low cloze,5,no,trial,0.5,block_baldwin,4,1.095445115,6,hard
47,Barry|said|that|accounting|work|was|no,fun,TRUE,strong non-CoRT,low cloze,5,no,trial,0.35,peele,1.4,0.5477225575,7,hard
48,A|gas|lamp|is|always|a|good|source|of,light,TRUE,strong non-CoRT,high cloze,5,no,trial,0.89,peele,1.75,0.9574271078,9,easy
49,The|hungry|owl|searched|the|field|for|its,color,FALSE,strong CoRT,low cloze,5,no,trial,0.47,block_baldwin,4,1.095445115,8,hard
50,He|wondered|whether|it|was|coincidence|or,fate,TRUE,strong non-CoRT,low cloze,5,no,trial,0.49,block_baldwin,1.833333333,1.329160136,7,hard
51,The|farmer|collected|wood|to|build|a|new,barn,TRUE,strong CoRT,low cloze,5,no,trial,0.32,peele,4,1,8,hard
52,Drake|didn't|like|barbecued|meat|because|of|the,taste,TRUE,strong non-CoRT,low cloze,5,yes,trial,0.37,peele,1.75,0.5,8,hard
53,He|liked|lemon|and|sugar|in|his,tea,TRUE,strong non-CoRT,high cloze,5,no,trial,0.81,block_baldwin,1.428571429,0.7867957925,7,easy
54,A|nearby|woman|sprayed|the|robber|with,mace,TRUE,strong CoRT,high cloze,5,no,trial,0.8,peele,4,0.7071067812,7,easy
55,Jeff|felt|like|he|would|never|finish|at|that,pace,TRUE,strong non-CoRT,low cloze,5,no,trial,0.45,peele,1.333333333,0.5163977795,9,hard
56,"After|weeks|at|sea,|the|bottle|washed|up|onto",shore,TRUE,strong CoRT,high cloze,5,no,trial,0.83,peele,4,0.8164965809,9,easy
57,Karen|shrieked|when|she|discovered|the|dead,mouse,TRUE,strong CoRT,low cloze,5,no,trial,0.36,peele,4.4,0.5477225575,7,hard
58,The|expensive|tie|was|made|of,silk,TRUE,strong non-CoRT,high cloze,5,no,trial,0.89,block_baldwin,1,0,6,easy
59,Grandmother|baked|a|pie|and|set|it|on|the,counter,TRUE,strong CoRT,low cloze,5,no,trial,0.34,peele,4.4,0.894427191,9,hard
60,Delia|needed|her|keys|and|rummaged|around|in|her,purse,TRUE,strong CoRT,high cloze,5,no,trial,0.8,peele,4,1.414213562,9,easy
61,The|store|employees|knew|it|was|illegal|to,steal,TRUE,strong non-CoRT,high cloze,5,no,trial,0.87,block_baldwin,1.714285714,1.496026483,8,easy
62,The|fisherman|trapped|hundreds|of|sharks|in|their,nets,TRUE,strong CoRT,high cloze,5,no,trial,0.82,peele,4,0.8164965809,8,easy
63,The|necklaces|were|what|the|thief|intended|to,steal,TRUE,strong non-CoRT,high cloze,5,no,trial,0.83,peele,2,0.7071067812,8,easy
64,,,,,,,,end,,,,,,